ID,Primary,Primary Name,Primary ID,Secondary,Secondary Name,Secondary ID,Tertiary, Tertiary Name, Tertiary ID
1,medicare_hmo,5,954123434,medicaid,,AK89518Q,,,
2,medicare_hmo,5,912454199,medicaid,,DS35582F,,,
3,medicaid,,AX80175W,,,,,,
4,medicaid,,XX07497F,,,,,,
5,medicare_hmo,5,930834733,medicaid,,XY884121M,,,
6,medicare,,128308252A,medicaid,,AT94324B,,,
7,medicare_hmo,5,942233994,medicaid,,SM54777H,,,
8,medicare_hmo,5,971316835,medicaid,,ZV46470U,,,
9,medicare_hmo,5,960250050,medicaid,,EE90271T,,,
10,medicaid,,AH35995J,,,,,,
11,medicare_hmo,5,936461138,medicaid,,AK54790W,,,
12,medicare_hmo,5,950353797,medicaid,,SH16042F,,,
13,medicare,,078400956A,medicaid,,AH22456E,,,
14,medicare,,058669864A,medicaid,,CZ46942P,,,
15,medicare,,128380077A,medicaid,,AP21304J,,,
16,medicare_hmo,5,946039648,medicaid,,CQ43486J,,,
17,medicaid,,BS03676K,,,,,,
18,medicare_hmo,5,936429920,medicaid,,AH67448D,,,
19,medicaid,,UG26239J,,,,,,
20,medicare_hmo,5,961653244,medicaid,,AA59191K,,,
21,medicare_hmo,5,949525913,medicaid,,CE08937P,,,
22,medicare_hmo,5,924067628,medicaid,,BC76245U,,,
23,medicare_hmo,5,946698360,medicaid,,AR51741V,,,
24,medicare_hmo,5,935972530,medicaid,,ZQ78162D,,,
25,medicaid,,EE04128B,,,,,,
26,medicare,,067460764A,medicaid,,DR85350M,,,
27,medicare_hmo,5,923767429,medicaid,,AN44954H,,,
28,medicare_hmo,5,950838063,medicaid,,CR88904J,,,
29,medicare_hmo,5,939746431,medicaid,,EC08710R,,,
30,medicare_hmo,5,950682670,medicaid,,AB23782Z,,,
31,medicare_hmo,4,59809,medicaid,,AB16316P,,,
32,medicare,,107461356A,medicaid,,DR73157H,,,
33,medicaid,,FT69513N,,,581905692A,,,
34,medicare_hmo,5,965153120,medicaid,,TK78044E,,,
35,medicare_hmo,5,979301106,medicaid,,DJ33628G,,,
36,medicaid,,EZ20970A,,,,,,
37,medicare,,086607325A,medicaid,,CG08119Y,,,
38,other,4,932697936,medicaid,,PENDING,,,
39,other,5,921958561,medicaid,,EB70998M,,,
40,medicare,,130628223A,medicaid,,BS22811C,,,Optum till 12/31/2016; 968378866
41,medicare,,115423541A,medicaid,,FH76312A,,,
42,medicare_hmo,5,914292828,medicaid,,FB26854B,,,
43,medicare_hmo,5,948201862,medicaid,,AR47478Y,,,
44,medicare_hmo,5,967116029,medicaid,,BA71921B,,,
45,medicare_hmo,5,946626767,medicaid,,AF45219A,,,
46,medicare_hmo,5,946474453,medicaid,,AV67711R,,,
47,medicare_hmo,5,931106470,medicaid,,CC19950G,,,
48,medicare,,051182251C1,medicaid,,TY05267M,,,Centerlight till 7/31/2016;55449
49,medicare_hmo,4,55437,medicaid,,UR41018Y,,,
50,medicare_hmo,4,55309,medicaid,,VE53729T,,,
51,medicare,,056549650M,medicaid,,ZX82340G,,,
52,medicare_hmo,4,55390,medicaid,,ZV69813G,,,
53,medicare,,062422144A,medicaid,,BT11606W,,,
54,medicare_hmo,5,944178036,medicaid,,EB83739R,,,
55,medicaid,,LA05808U,,,,,,
56,medicare_hmo,5,909967261,medicaid,,ZF42445V,,,
57,medicare,,106509138A,medicaid,,AG27721K,,,
58,medicare_hmo,5,969725133,medicaid,,AH67240P,,,
59,medicare_hmo,5,969179984,medicaid,,AF32076K,,,
60,medicaid,,BX25186X,,,,,,
62,medicare,,239608413C1,medicaid,,AG49339U,,,
63,medicare,,128303379C1,medicaid,,ZJ28585A,,,
64,medicare_hmo,5,900522188,medicaid,,CS41678N,,,
65,medicare_hmo,5,953372465,medicaid,,CM02972U,,,
66,medicaid,,NK63112F,,,,,,
67,medicare,,083408361M,medicaid,,YQ71770N,,,
68,medicare,,090309675A,medicaid,,WX07487Z,,,
69,medicare_hmo,4,55496,medicaid,,YY26883Y,,,
70,medicare,,052-32-3417A,other,,Private,,,
71,medicaid,,ZA17275Q,,,,,,
72,medicare_hmo,4,55500,medicaid,,ZD22033X,,,
73,medicare_hmo,4,55310,medicaid,,VH11787M,,,
74,medicare_hmo,4,58935,medicaid,,ZF64466E,,,
75,medicare,,085425831A,medicaid,,ZR91200H,,,
76,medicare,,040622042a,medicaid,,QF75655U,,,
77,medicare_hmo,5,978618388,medicaid,,EV66466V,,,
78,medicare_hmo,5,935336494,medicaid,,ET586745,,,HIP till 10/31/2016;110464283A
79,medicare_hmo,5,920323136,medicaid,,Q558017T,,,
81,medicare_hmo,4,51725,medicaid,,AM40939V,other,Medicare,056366872A
82,medicare,,112464951A,medicaid,,AU40854U,,,
83,medicare_hmo,4,51320,medicaid,,XG92016A,,,
84,medicare,,085569768T,medicaid,,BZ92133V,,,
85,medicare_hmo,5,978743535,medicaid,,AB29110G,,,Centerlight till 10/31/2016
86,medicare_hmo,5,806474196,medicaid,,AA67333Q,,,
87,medicare_hmo,5,968185072,medicaid,,CF07205Q,other,Medicare,113342391D
89,medicare_hmo,9,MEBLDQ4G,medicaid,,FK20010V,,,
90,medicare_hmo,5,956360983,medicaid,,WC01464W,,,
91,medicare,,066368302A,medicaid,,AH84962X,,,
92,medicare_hmo,5,972505209,medicaid,,WS04567Z,,,
93,medicare_hmo,4,55440,medicaid,,WV50344U,,,
94,medicare,,131302826A,medicaid,,DR50386B,,,
95,medicare_hmo,5,936066591,medicaid,,AH31885S,,,
96,medicare_hmo,4,62537,medicaid,,KH14221U,,,
97,medicare,,080501707A,medicaid,,AR43854A,,,
98,medicare,,084444612A,medicaid,,CZ85138C,,,
99,medicare_hmo,4,59159,medicaid,,BT22547H,,,
100,medicare,,095387902A,medicaid,,XQ87170Q,,,
101,medicare_hmo,4,55580,medicaid,,ZD01218Q,,,
102,medicare_hmo,4,62115,medicaid,,WR89203Q,,,
103,medicare,,105263433A,medicaid,,WK27747M,,,
104,medicare_hmo,4,55444,medicaid,,YG40961F,,,
105,medicare_hmo,4,60028,medicaid,,MM66870R,,,
106,medicare,,129483299A,medicaid,,UZ22974Y,,,
107,medicare_hmo,4,55513,medicaid,,VE41205Y,,,
108,medicaid,,BQ35493A,,,,,,
109,medicaid,,BA31556B,,,,,,
110,medicare,,052386276M,medicaid,,AP78278H,,,
111,medicare,,105348246A,medicaid,,QF38050U,,,
112,medicare_hmo,5,949327059,medicaid,,DR40031V,,,
114,medicare,,101389066M,medicaid,,AH86285H,,,
115,medicare_hmo,5,913566969,medicaid,,CA62267K,,,
116,medicare_hmo,5,963199383,medicaid,,DK07774A,,,
117,medicare_hmo,5,901643579,medicaid,,AH41739D,,,
118,medicaid,,CU45387C,,,,,,
119,other,9,W002324256,,,,,,
120,medicaid,,ZN22539J,,,,,,
121,medicare,,079829317M,medicaid,,TS14412Y,,,
122,medicare_hmo,4,55425,medicaid,,ZH92983A,,,
123,medicaid,,ZW52795P,,,,,,
124,medicare,,098825199M,medicaid,,WG57426C,,,
125,medicare_hmo,4,56432,medicaid,,WU58926B,,,
126,medicaid,,AR50008R,,,,,,
127,medicare_hmo,4,72771,medicaid,,ZM69481X,,,
128,medicare,,118140497C1,medicaid,,YY04835V,,,
129,medicare_hmo,5,918294640,medicaid,,DR44727F,,,
130,other,14,1256342601,,,,,,
131,medicaid,,DQ29144H,,,,,,
132,medicare_hmo,4,62258,medicaid,,ZP37498C,,,
133,medicare_hmo,4,54227,medicaid,,EV41667G,other,Medicare,055092176C1
134,medicaid,,ZP12034D,,,,,,
135,medicare,,102440369M,medicaid,,AB62254E,,,
136,medicaid,,YP46882G,,,,,,
137,medicare_hmo,5,931604068,medicaid,,AB99684F,,,
138,medicare,,057561526A,medicaid,,WT58392B,,,
139,medicare_hmo,4,55378,medicaid,,RV80984R,,,
140,medicare_hmo,4,51767,medicaid,,CM99665H,other,Medicare,552616388A
141,medicaid,,EA31984R,,,,,,
142,medicare,,070766409A,medicaid,,TK55762M,,,
143,medicare_hmo,4,40631,other,Medicare,074522020A,,,
144,medicare,,115185069D,medicaid,,EA00916P,,,
145,medicare,,089529537A,medicaid,,AY34002B,,,
146,medicare,,105225198A,medicaid,,AN94730U,,,98937014535
147,medicaid,,CD00542P,,,,,,
148,medicaid,,DK45984Z,,,,,,
149,other,,No insurance coverage at prsent,,,,,,
150,medicare_hmo,5,965591252,medicaid,,YA14935N,,,
151,medicaid,,BU63844N,other,13,ABU63844N01,,,
152,medicare_hmo,5,974779429,medicaid,,ZZ03711E,,,
153,other,7,719507057,medicaid,,BG06281A,,,
154,medicare_hmo,4,61427,medicaid,,XB25464N,other,Medicare,131483376A
155,medicare,,118-62-7222A,medicaid,,YU02781D,,,
156,medicare,,054405594M,medicaid,,ZC16343B,,,
157,medicaid,,MP05743T,,,,,,
158,medicare_hmo,4,56269,medicaid,,BF00981P,,,
159,medicaid,,WE09512K,,,,,,
160,medicaid,,XA71320N,,,,,,
161,medicare,,093383385A,medicaid,,AB35403P,,,
162,medicare_hmo,5,919682899,medicaid,,EN91987K,,,Centerlight till 10/31/2016;104405423A
163,medicare_hmo,5,966964147,medicaid,,ET64834B,,,Centerlight till 10/31/2016;054648559A
164,medicare_hmo,4,26684,medicaid,,YZ72714M,,,
165,medicare,,118441116A,medicaid,,BV29079Y,,,
166,medicare,,098369401A,medicaid,,VK45209X,,,
167,medicare,,057427878A,medicaid,,AB66841U,,,
168,medicaid,,VT24420R,,,,,,
169,medicare,,247683932A,medicaid,,BX70252Y,,,
170,medicare,,113423114M,medicaid,,AW36286V,,,
171,other,5,956685877,medicaid,,AK28025M,,,
172,medicare_hmo,5,939962655,medicaid,,AG34154K,,,
173,medicare,,125189558A,medicaid,,EH50880U,,,
174,medicare,,063343211M,medicaid,,ZH74225T,,,
175,medicare_hmo,4,45062,medicaid,,ZF67790B,other,Medicare,061444087C2
176,medicare,,084425512A,medicaid,,EX29006D,,,
177,medicare_hmo,5,947850763,medicaid,,ES54765Z,,,
178,medicaid,,TF75546N,,,,,,
179,medicaid,,YZ98504J,,,,,,
180,medicare_hmo,5,928602964,medicaid,,ZZ16310E,,,
181,medicare,,116461990A,medicaid,,AW06454Z,,,
182,medicare,,071464464C1,medicaid,,YQ34299Q,,,
183,medicare,,078344102A,medicaid,,AY80318D,,,
184,medicare,,055402338A,medicaid,,ET18157B,,,
185,medicaid,,YR83988J,,,,,,
186,medicare,,112567694A,medicaid,,DC23281H,,,
187,medicare_hmo,7,RP27238U,,,,,,
188,other,7,AX33771A,medicaid,,AX33771A,,,
189,medicare_hmo,5,931228786,medicaid,,DE91317U,,,
190,medicaid,,FM11905H,,,,,,
191,medicare,,055323500A,medicaid,,FN42088D,,,
192,medicare,,227726179A,medicaid,,AH25119Q,,,
193,medicare,,073462678A,medicaid,,AR19361U,,,
194,medicare,,072460970M,medicaid,,ZR99934M,,,
195,medicaid,,AD90514N,,,,,,
196,medicaid,,MR54851P,,,,,,
197,medicare,,063071353C1,medicaid,,TJ85194M,,,
198,medicare,,074220077C1,medicaid,,WB28577E,,,
199,medicare,,128467876A,medicaid,,YD90090H,,,
200,medicare_hmo,5,964599375,medicaid,,BD56217C,,,
201,medicare_hmo,7,114473819,medicaid,,ZD14086U,,,
202,medicare,,083181903C1,medicaid,,AE77234H,,,
203,medicaid,,KT11144P,,,,,,
204,medicaid,,DD53759M,,,,,,
205,medicaid,,ZP37091C,,,,,,
206,medicare_hmo,5,975718107,medicaid,,WB94827B,,,
207,medicare,,074482173A,medicaid,,XA22330Q,,,
208,medicare,,033621238M,medicaid,,AR71256D,,,
209,medicare,,301483712A,medicaid,,CD04809V,,,
210,medicare_hmo,4,56633,medicaid,,EM11993N,,,
211,medicare_hmo,4,62664,medicaid,,NE28639P,,,
212,medicare,,132429950A,medicaid,,DA11728J,,,
213,medicaid,,DW77970C,,,,,,
214,medicare,,074525659M,medicaid,,NQ76156Q,,,
215,medicaid,,DF45877J,,,,,,
216,other,11,BW17401M,,,,,,
217,medicare,,431966843A,medicaid,,CG17486F,,,
218,medicare,,288224953C1,medicaid,,AP28147F,,,
219,other,25,PN49348Z,,,,,,
220,medicaid,,ET30918S,,,,,,
221,medicare,,061329770A,medicaid,,XK35151H,,,
222,medicare_hmo,5,961302718,medicaid,,TQ77332B,,,
223,medicaid,,DJ16796Q,,,,,,
224,medicaid,,DK87074H,,,,,,
225,medicaid,,ZC53619P,,,,,,
226,medicare_hmo,5,936430618,medicaid,,DH73275G,other,,Centerlight till 10/31/2016
227,other,7,WS11302W,,,,,,
228,medicaid,,WP902320,,,,,,
229,medicare_hmo,5,946021377,medicaid,,BS96938G,,,
230,medicare,,251649001C2,medicaid,,BE40607S,,,
231,medicare,,062-30-9181A,medicaid,,PN65863H,,,
232,medicaid,,ZV94106Y,,,,,,
233,medicare,,109307651A,medicaid,,FD28615K,,,
234,medicare,,117342723A,medicaid,,ZE05919N,,,
235,medicaid,,DX41584P,,,,,,
236,other,21,DC29504F,,,,,,
237,medicare,,104503873A,medicaid,,AY03791A,,,
238,medicare_hmo,5,909903632,medicaid,,CD41214S,,,
239,medicare,,080501974A,medicaid,,AR12301U,,,
240,medicare,,134343155M,medicaid,,AN14451N,,,
241,medicare_hmo,4,948809877,,,,,,
242,medicaid,,YJ78298F,other,25,YJ78298F,,,
243,medicare,,100464467A,medicaid,,auto cross over,,,
244,medicare_hmo,5,907452566,,,,,,
245,medicaid,,BF60085Z,,,,,,
246,medicaid,,PJ50719F,medicaid,,,,,
247,medicaid,,MV80582M,,,,,,
248,medicare,,055226915A,,,,,,
249,medicare,,051429799A,medicaid,,FE49939K,,,
250,medicaid,,QV58288X,,,,other,7,QV58288X
251,medicare,,069321709A,medicaid,,RS98115Y,,,Centerlight till 10/30/2016; 54048
252,medicare_hmo,16,V70055317,,,,,,
253,medicare_hmo,4,54031,medicaid,,AA43028Y,,,
254,medicare,,111345936A,,,,,,
255,medicare,,103680731A,medicaid,,NX1926E,,,
256,medicare,,072341002A,medicaid,,QC07326Y,,,
257,medicare,,100016193C1,medicaid,,VZ69846R,,,
258,medicare,,107464610A,medicaid,,BQ02317S,,,
259,medicare,,129348734A,medicaid,,ZX21996W,,,
260,medicare,,051443461A,medicaid,,NZ55814M,,,
261,medicare_hmo,13,109627265A,medicaid,,YH33708X,,,
262,medicaid,,ZP64993T,,,,,,
264,medicare,,126262427A,,,,,,Fidelis till 12/31/2016; 50040665
265,medicaid,,BZ75891E,,,,,,
266,medicare,,071600232A,medicaid,,Xw05145N,,,
267,medicaid,,MJ98220Q,,,,,,
268,other,19,13132642201,medicaid,,NK27432R,,,
269,medicare,,130327101A,medicaid,,BF48604Q,,,
270,medicare,,123660251T,medicaid,,WA73784X,,,
271,medicare,,096-50-6903A,medicaid,,RJ08977Y,,,
272,medicare,,055466221A,medicaid,,PN48230X,,,
273,medicaid,,VA73801U,,,,,,
274,medicare,,085369868M,medicaid,,ZK67601U,,,
275,medicaid,,QH30611G,,,,,,
276,medicare,,109324774A,medicaid,,QM02895G,,,
277,medicare_hmo,4,55311,medicaid,,RD13871V,,,
278,medicare,,095507141W,medicaid,,FA36174P,,,
279,medicare,,124686882M,medicaid,,NJ98878J,,,
280,medicare,,079529551A,medicaid,,WX48809P,,,
281,medicare,,082626046A,medicaid,,VK66990E,,,
282,medicare,,091569540A,other,24,UGG921594765,,,
283,medicare,,093568972A,medicaid,,WS35859B,,,
284,medicare,,118243498M,medicaid,,RN83313,,,
285,medicaid,,ZE04267Y,,,,,,
286,medicaid,,DX49546N,,,,,,
287,medicare_hmo,5,936396371,medicaid,,AK89517S,,,
288,medicaid,,BJ53097Q,,,,,,
289,medicaid,,ET70982K,,,,,,
290,medicare,,073548560A,other,9,W088098749,,,
291,medicare,,089564047A,medicaid,,YV68062P,,,
292,medicare,,215243536A,medicaid,,US60921J,,,
293,medicare,,068429399A,medicaid,,PA12453P,,,
294,medicare,,227725686M,medicaid,,WG90144G,,,
295,medicare,,106329480M,medicaid,,PH03883W,,,
296,medicare,,076446853M,medicaid,,YZ42140P,,,
297,medicare,,113202906D,medicaid,,YE34577C,,,
298,medicare,,126183412C1,medicaid,,VX79252B,,,
299,medicare,,146448059A,medicaid,,US19027S,,,
300,medicare,,089349605M,medicaid,,auto crossover,,,
301,medicare_hmo,13,20805453,medicaid,,AK25708E,,,
303,medicare,,112341831A,medicaid,,UP70932B,,,
304,medicare,,064368303A,medicaid,,XJ39522J,,,
305,medicare,,118326672A,medicaid,,QE04219T,,,
306,medicare,,248708988M,medicaid,,MK05552S,,,
307,medicare,,085364480A,medicaid,,ZV27100C,,,
308,medicare,,107780978M,medicaid,,VM7101K,,,
309,medicare,,089444651T,medicaid,,EIC1916492,,,
310,medicare,,096368087M,medicaid,,ZD27988Z,,,
311,medicare,,111382627A,medicaid,,ZZ34837C,,,
312,medicare,,074581375A,medicaid,,TW91563M,,,
313,medicare,,098345007A,medicaid,,MH81826A,,,
314,other,11,DN04582F,,,,,,
315,medicare,,085648500A,medicaid,,auto crossover,,,
316,medicare,,100014498C1,medicaid,,QS23251A,,,
317,medicare,,053586460M,medicaid,,PU20586C,,,
318,medicare,,071260999A,medicaid,,XC70803Z,,,
319,medicare,,113425023A,medicaid,,ZM35801W,,,
320,medicare,,146460680A,medicaid,,RB90977M,,,
321,medicare,,060280531C1,medicaid,,RP87284X,,,
322,medicare,,582386701M,medicaid,,ZY74959M,,,
323,medicare,,077480342A,medicaid,,AC24268B,,,
324,medicare,,074425363M,medicaid,,XZ17551D,,,
325,medicaid,,KG86347E,,,,,,
326,medicare,,101362897M,medicaid,,ZF73472S,,,
327,medicare,,102907275A,medicaid,,SX67574Z,,,
328,medicare,,524528523A,medicaid,,CP51246P,,,
329,medicare,,WCD059545362,medicaid,,AB45762D,,,
330,medicare,,094145221C1,medicaid,,QK02350Y,,,
331,medicare,,073525329M,medicaid,,FA09194G,,,
332,medicare,,129303155M,medicaid,,AH656637,,,
333,medicare,,128524870M,medicaid,,ZB13824M,,,
334,medicare,,100320662A,medicaid,,CT52519Y,,,
335,medicaid,,VW22982T,,,,,,
336,medicare,,054425124A,medicaid,,YY62761A,,,
337,medicare,,260584078A,,,BCBS auto cross over,,,
338,medicare,,064646396A,medicaid,,ZY59407P,,,
339,other,5,VY58324U,,,,,,
340,other,15,YLS890204927,medicaid,,YT26129V,,,
343,medicare,,070205821A,medicaid,,FT09251J,,,
344,medicaid,,UV09561V,,,,,,
345,medicare,,111308739D,medicaid,,YW49277P,,,
346,medicare,,074366211M,medicaid,,ZC18007B,,,
347,medicaid,,EC75860U,,,,,,
348,other,11,742730863,,,,medicaid,,MR62259Y
349,medicare_hmo,24,VOF80140141,medicaid,,FD06518S,,,
350,medicare,,427665842D,medicaid,,ZM13907D,,,
351,medicare_hmo,23,077303861A,medicaid,,auto cross over,,,
352,medicaid,,ZA51979K,,,,,,
353,medicaid,,KM4427G,,,,,,
354,medicare,,115303353A,medicaid,,NX72985S,,,
355,medicaid,,SP09228U,,,,,,
357,medicaid,,RK48192M,,,,,,
358,medicaid,,ZZ24187B,,,,,,
359,medicare,,231145759A,medicaid,,XF14007R,,,
360,medicare_hmo,4,60813,medicaid,,WM65874X,,,
361,medicare,,058408362D,medicaid,,CN80873N,,,"Health First Medicare authorization R4707898 payor ID 80141; 114462619"
362,medicare,,119229365A,medicaid,,FU30584W,,,
363,medicare,,108369154A,medicaid,,QD52651P,,,
364,medicaid,,VA65991W,,,,,,
365,medicaid,,VA65991W,,,,,,
366,medicaid,,zK44927T,,,,,,
367,medicare_hmo,6,932526372,medicaid,,MQ71638B,,,
368,medicare_hmo,6,932522503,medicaid,,ZB93419M,,,
369,medicare,,101-20-3241A,,,,,,
370,medicare,,085567238A,medicaid,,auto cross over,,,
371,other,24,NYC931990095,medicaid,,RJ25809R,,,
372,medicare,,098246515A,medicaid,,VG51204B,,,
374,medicare,,258528108A,medicaid,,TF63976J,,,
375,medicare,,061361694A,medicaid,,TT93769E,,,
376,medicare,,122349614A,medicaid,,FM60069V,,,
377,medicare_hmo,6,932522474,medicaid,,VD66162A,,,
378,medicare_hmo,6,932524053,medicaid,,ZF24163B,,,
379,medicare,,061560502A,medicaid,,US33745M,,,
380,medicare,,581289743A,medicaid,,WW57529H,,,
381,medicare,,139844072M,medicaid,,WP75806Z,,,
382,medicare_hmo,6,932524214,,,,,,
383,medicaid,,VC52278Y,,,,,,
384,medicare,,423425133M,other,24,UQVAN4523957,medicaid,,YZ77186S
385,medicare_hmo,6,932527941,medicaid,,ZV98149E,,,
386,medicaid,,ZU87364M,medicaid,,,,,
387,medicare,,086625322A,medicaid,,ZE56854Y,,,
388,medicare_hmo,4,58093,medicaid,,BT33000G,,,
389,medicare,,242609961D,medicaid,,ZS27176T,,,
390,medicare,,132303391A,medicaid,,XQ04603A,,,
391,medicare_hmo,7,132470107,medicaid,,VY39842Y,,,
392,medicare_hmo,7,114256699,medicaid,,ZX60223X,,,
393,medicare,,116467038A,medicaid,,ZD80317X,,,
394,medicare_hmo,6,930349256,medicaid,,WC08386V,,,
396,medicare_hmo,4,60537,medicaid,,YC6001TH,,,
397,medicare,,237629984TA,medicaid,,TE06521C,,,
398,medicare_hmo,4,60293,medicaid,,UG34454U,,,
399,medicare,,120426653A,medicaid,,auto cross over,,,
400,medicaid,,RX49191F,,,,,,
401,medicaid,,ZU28033U,,,,,,
402,medicaid,,ZU88894N,,,,,,healthfirst hmo medicaid
403,medicaid,,KU88997F,,,,,,
404,medicaid,,PA41577A,,,,,,
405,medicare_hmo,6,932522509,medicaid,,ZR06506V,,,
406,medicaid,,,,,,,,
407,other,7,NB81007E,,,,,,
408,medicaid,,TG25878Y,,,,,,
409,medicaid,,,,,,,,
410,medicaid,,XV94777S,other,,,,,amerigroup
411,medicare,,580582531A,medicaid,,ZR89114Z,,,
412,medicare,,582628045A,medicaid,,SX67191G,,,
413,medicaid,,ZW72919C,,,,,,
414,medicare,,121200864A,medicaid,,CN42824M,,,
415,other,7,XB40085D,,,,,,
416,other,5,107909469,,,,,,
417,medicare_hmo,4,54631,medicaid,,YB18199H,,,
418,medicare,,074505869A,medicaid,,XE24118K,,,
419,medicare,,583-68-3124A,medicaid,,MT 68080D,,,
420,medicaid,,XB08268P,,,,,,Medicare Part B terminated; 121408222A
421,medicare,,095322875A,medicaid,,UP58516S,,,
422,medicare,,065686157D1,medicaid,,SG45013Z,,,
423,medicaid,,QB 88443M,,,,,,
424,medicaid,,KM44272G,,,,,,
425,medicare,,081-44-9963A,medicaid,,UF 64739F,,,
426,other,18,A580109779,medicaid,,MR886796E,,,
427,medicare,,105466460A,other,5,automatic crossover,,,
428,medicare,,247-68-1986A,medicaid,,YN 80066M,,,
429,medicare,,097602283A,medicaid,,UD 75598W,,,
430,medicare,,064248904A,medicaid,,WK75822H,,,
431,medicare,,084-60-9107A,medicaid,,DM428718,,,
432,medicare,,232-44-7104D,medicaid,,XS11120V,,,
433,medicare,,304-26-9387A,medicaid,,PY 73355F,,,
434,medicare,,116-46-3077A,medicaid,,XS14886T,,,
435,medicare_hmo,7,125811899,medicaid,,ZU78478G,,,
436,medicare,,100565380A,medicaid,,KX 41322B,,,
437,medicare,,100185069C1,medicaid,,RR43258W,,,
438,medicare_hmo,4,917800426,,,,,,
439,medicaid,,KQ44677C,,,,,,
440,medicaid,,ZP40611X,,,,,,
441,medicare,,066367214A,medicaid,,UA73467D,,,
442,medicare,,090-30-1943A,medicaid,,RM22815H,,,
443,medicare,,126-20-5336A,medicaid,,ZT26798A,,,
444,medicare,,076508965A,medicaid,,XD86871Q,,,
445,medicare,,122347008C1,medicaid,,YE01412E,,,
446,medicaid,,ZE32359V,,,,,,
448,medicare,,129485516A,medicaid,,YY01120Y,,,
449,medicare,,249703540M,medicaid,,EB29634Q,,,
450,medicare,,061-54-3558A,medicaid,,SE29553D,,,
451,medicaid,,QU95881T,other,7,QU95881T,,,
452,medicare_hmo,4,108436940,medicaid,,XQ19143E,,,Medicare B; 126-48-4307A
453,medicare,,244-46-2415A,medicaid,,RV 86702T,,,
454,medicaid,,YP73239P,,,,,,
455,medicare,,245-48-8334A,medicaid,,KU16749U,,,
456,other,13,15521370,,,,,,No active coverage term 11/30/2016
457,medicare,,238-32-2709A,medicaid,,ZX45850W,,,
458,medicaid,,ZK09875M,,,,,,
459,medicaid,,ZV585008D,,,,,,
460,medicare,,064349308A,medicaid,,AH00631M,,,
461,medicare,,052325411A,medicaid,,BA97469M,,,
462,medicare,,074145279C1,medicaid,,AE35658E,,,
463,medicare,,085-40-0271A,medicaid,,YK60617N,,,
464,medicare,,078-22-0733A,other,24,NYC930360569,medicaid,,QE19302G
465,medicare,,080-24-0064A,medicaid,,ZN50628N,,,
466,medicare,,081426162A,medicaid,,WX60606G,,,
467,medicaid,,VF07476P,,,,,,MetroPlus
468,medicaid,,TB68164D,,,,,,
469,medicare,,073-30-7253A,medicaid,,KK85368C,,,
470,medicaid,,YS92746M,,,,,,
471,medicare,,246-36-4170A,medicaid,,VT79210B,,,
472,medicare,,102302676A,,,,other,5,auto crossover
473,medicare_hmo,6,932543129,medicaid,,ZE31153T,other,|Archcare
474,medicare,,076-64-6681A,medicaid,,XH07699P,,,
475,medicaid,,YY87652Z,,,,,,
476,medicare,,113-70-0066A,medicaid,,WK74540X,,,
477,medicare,,105343922M,medicaid,,WS47496F,,,
478,medicaid,,MB45096B,,,,,,
479,medicaid,,YN24443F,,,,,,
480,medicare,,243079761C5,medicaid,,Pending,,,
482,other,12,930438905,,,,,,
483,medicare,,081120198A,other,19,auto cross over,,,
484,other,7,UM16890G,,,,,,
485,medicaid,,BD95627S,,,,,,
486,medicare,,091369821M,medicaid,,UN39366X,,,
487,medicaid,,VK54782S,,,,,,
489,medicare,,078-32-9605M,medicaid,,ZH72518Z,,,
490,medicaid,5,UJ75985Q,,,,,,
491,medicaid,,ZN960p6V,,,,,,
492,other,26,82078662900 MVP,,,,medicaid,,BR77234Y
493,medicare_hmo,5,922885001,medicaid,,NS05037B,,,
494,medicare_hmo,5,967204845,medicaid,,MP68043T,,,
495,medicare_hmo,11,104425452A,medicaid,,YC62739T,,,
496,other,11,74199544600,other,,,medicaid,,VX00621G
497,medicaid,,ZZ48601S,,,,other,11,163570440
499,medicaid,,VB86609N,,,,,,
501,medicare,,112-44-3228M,medicaid,,WG78834F,,,Fidelis/ Medicaid
502,medicare_hmo,16,V70030530,medicaid,,TB99370U,,,
503,medicare,,253586577A,medicaid,,ZS27585F,,,
504,medicare_hmo,5,111677759,medicaid,,YP08844Z,,,
505,medicare,,11345004M,medicaid,,XE29801G,,,
506,medicare,,031146581D,medicaid,,ZD79825G,,,
507,medicare,,114-26-0269A,medicaid,,ZM04488C,,,
508,medicaid,,WJ22980Y,,,,other,7,WJ22980Y
509,medicare_hmo,4,60264,medicaid,,MU28255H,,,Medicare from 2/1/2017; 095304807W
510,medicare,,077446939M,medicaid,,YH31571J,,,
512,medicare,,102-30-7760A,medicaid,,XT36633Q,,,
513,medicaid,,AH75336W,,,,,,
514,medicaid,,AN99836K,,,,,,
515,medicare,,057484276A,medicaid,,VR49157W,,,
516,medicare,,008301825M,medicaid,,AT32002J,,,
517,medicare,,094366558M,medicaid,,ZU78257K,,,
518,medicare,,263-13-6025A,medicaid,,CC49505Y,,,
519,medicare,,110402225A,,,,other,5,
520,medicare,,086727474A,medicaid,,DM08873G,,,
521,medicare,,124-30-8434A,medicaid,,ZM90570X,,,
522,medicaid,,CU88815C,other,11,CU88815C,,,
523,medicaid,,ZD12526X,other,11,74070077400,,,
524,medicare_hmo,5,956166802,medicaid,,AB98047M,,,
525,medicare_hmo,5,944895986,medicaid,,UQ87132V,,,
526,medicare,,116885556A,medicaid,,auto cross over,,,
527,medicaid,,ZY55325N,,,,,,
528,medicare,,583985598A,medicaid,,ZA63362N,,,
529,medicare,,116420329A,,,,,,
530,medicare_hmo,11,741924252,,,,,,
531,medicare,,102346043M,medicaid,,UR24487C,,,
532,medicaid,,AG80525G,,,,other,,Centerlight Medicaid HMO till 1/31/2017
533,medicare,,108283710A,medicaid,,XH70126X,,,
534,other,11,MM28442P,,,,,,
535,other,13,JZV31354Z01,,,,medicaid,,ZV31354Z
536,medicare_hmo,13,15364361,,,,,,
537,other,7,YW33466S,,,,,,
538,medicare_hmo,7,117006171,medicaid,,EQ28066G,,,
539,medicare,,115-38-9998A,medicaid,,XG98938E,,,
540,medicare_hmo,21,1509M0097,medicaid,,BX04248P,,,
541,medicare_hmo,14,848439549,,,,,,
542,medicare,,071309688A,medicaid,,EN04541M,other,,Medicaid not active check again in 2/2017
543,medicare,,063389213A,medicaid,,crossover on file,,,
544,medicare,,024189895C1,medicaid,,EE95766F,,,
545,medicaid,,EB51635X,,,,,,
546,medicare,,104381170A,medicaid,,TU30099U,,,
547,medicare,,582079427D,medicaid,,DE39282C,,,
548,medicaid,,UB13765W,,,,,,
549,medicare,,100447970A,medicaid,,PENDING,,,
550,medicare,,102869644M,medicaid,,QS83213E,,,
551,medicaid,,AE41707E,,,,other,25,
552,medicare,,087504310A,medicaid,,BA78104B,,,
553,medicare_hmo,22,109381801A,medicaid,,RH64477X,,,
554,medicare_hmo,7,114776059,medicaid,,ZC63163P,,,
555,medicare,,092402930A,medicaid,,SV62742A,,,
556,medicare,,122323769M,medicaid,,ZG23828V,,,
557,medicare_hmo,22,065424494A,medicaid,,XS06851S,,,
558,medicare,,580645897B,medicaid,,AH61796Q,,,
559,medicare,,070465670A,medicaid,,autocrossover,,,1350620201
560,medicare_hmo,5,978944023,,,,,,
561,medicare,,062341333A,other,24,YLA930174653,,,
562,other,26,FF25901K,,,,,,
563,medicare_hmo,,932540162,medicaid,,KJ02175X,,,
564,medicare,,246-30-7056D1,medicaid,,NW85048P,other,13,246-30-7056-01
565,medicaid,,EF25427W,,,,,,
566,medicare,,077308371C1,medicaid,,BY22922V,,,
