id,name,hp_id_code,payerid
17,AARP UHC,17,87726
9,Aetna Health Plans,9,60054
21,Affinity Health Plan,21,813
30,Agewell of NY,30,AWNY6
19,American Postal Worker Union - APWU,19,44444
6,Archcare,6,27034
24,BC BS EMPIRE of NY,24,804
34,BCBS of Georgia,34,GA512
51,Beacon-AMIDA,51,96029
37,Beacon Behavior Health Strategies,37,43324
29,Beacon --EMBLEM,29,813
38,Beacon -HUMANA,38,96066
36,Beacon-Senior Whole Health,36,96039
50,Blue Cross Blue Shield of NC,50,5536
48,Cardinal Innovations-MEDICAID NC,48,6607
4,Centerlight Healthcare,4,CCMC1
45,Centerlight PAPER-Tanya Sheppard,45,not needed
27,Centers Plan for Healthy Living,27,CPHLG
57,CIGNA,55,63208
10,Elderplan Inc,10,31625
44,Elderserve c/o Relay Health PAPER CLAIMS,44,10
35,Emblem-GHI -NY,35,13551
8,Empire BCBS of NY,8,804
25,Empire--HEALTHPLUS,25,27514
11,Fidelis Care of NY,11,11315
12,GHI Medicare Choice PPO,12,13551
40,Hartford Insurance Company Worker's Compensation,40,not needed
20,Health Care Partners,20,11328
7,Healthfirst,7,80141
61,Healthpointe NY,64,PAPER
13,HIP of Greater NY,13,55247
33,Humana,33,61101
22,ICS FIDA MMP,22,64284
23,Liberty Health Advantage,23,87071
46,Local 1199,46,13162
55,Longevity Health Plan of NY,60,LNY01
58,LOOMIS Company,63,10
43,Magnacare,43,11303
3,Medicaid NY CSC,3,812
49,Medicaid of North Carolina,49,750
1,Medicare NY Downstate,1,13202
2,Medicare NY Queens,2,13292
47,Medicare of North Carolina- J11,47,11502
31,Metroplus Health Plan-MEDICAID,31,13265
53,Metroplus Health Plan-MEDICARE,53,13265
52,Mutual of Omaha,52,not needed
26,MVP Health Plan,26,813
5,Optum UHC,5,87726
14,Oxford Health Plan,14,6111
54,Partners Health Plan,56,14966
42,Pomco,42,16111
18,Railroad Medicare Palmetto GBA,18,320
39,Tristate Benefit Solutions aka TriHealth Physicians,39,TDDIR
56,UMR,61,39026
41,United American Insurance-Medicare Supplemental,41,10990
15,Value Options,15,813
32,Village Care MAX,32,26545
16,VNS Choice Medicare,16,813
28,Wellcare,28,14163
